{"errors":[],"warnings":[],"namedChunkGroups":{"app":{"chunks":[8,2],"assets":["webpack-runtime-62ddeafd833345b4755a.js","webpack-runtime-62ddeafd833345b4755a.js.map","app-f8c09fdff74682b7ff61.js","app-f8c09fdff74682b7ff61.js.map"],"children":{},"childAssets":{}},"component---node-modules-gatsby-plugin-offline-app-shell-js":{"chunks":[3],"assets":["component---node-modules-gatsby-plugin-offline-app-shell-js-4761d21acac1f87e8392.js","component---node-modules-gatsby-plugin-offline-app-shell-js-4761d21acac1f87e8392.js.map"],"children":{},"childAssets":{}},"component---src-pages-404-js":{"chunks":[0,1,4],"assets":["0-2199b4470927f1f8ccc8.js","0-2199b4470927f1f8ccc8.js.map","1.12928b601c22ae0cf225.css","1-568774bd97679746b968.js","1-568774bd97679746b968.js.map","component---src-pages-404-js-74ffc926f0fc361b4ff2.js","component---src-pages-404-js-74ffc926f0fc361b4ff2.js.map"],"children":{},"childAssets":{}},"component---src-pages-index-js":{"chunks":[0,1,5],"assets":["0-2199b4470927f1f8ccc8.js","0-2199b4470927f1f8ccc8.js.map","1.12928b601c22ae0cf225.css","1-568774bd97679746b968.js","1-568774bd97679746b968.js.map","component---src-pages-index-js-f6a35cad2e14f65e8d43.js","component---src-pages-index-js-f6a35cad2e14f65e8d43.js.map"],"children":{},"childAssets":{}},"component---src-pages-page-2-js":{"chunks":[0,1,6],"assets":["0-2199b4470927f1f8ccc8.js","0-2199b4470927f1f8ccc8.js.map","1.12928b601c22ae0cf225.css","1-568774bd97679746b968.js","1-568774bd97679746b968.js.map","component---src-pages-page-2-js-61255ea16ef80abe498e.js","component---src-pages-page-2-js-61255ea16ef80abe498e.js.map"],"children":{},"childAssets":{}},"pages-manifest":{"chunks":[7],"assets":["pages-manifest-90cde9c64b3b0c390399.js","pages-manifest-90cde9c64b3b0c390399.js.map"],"children":{},"childAssets":{}}},"assetsByChunkName":{"app":["webpack-runtime-62ddeafd833345b4755a.js","app-f8c09fdff74682b7ff61.js"],"component---node-modules-gatsby-plugin-offline-app-shell-js":["component---node-modules-gatsby-plugin-offline-app-shell-js-4761d21acac1f87e8392.js"],"component---src-pages-404-js":["0-2199b4470927f1f8ccc8.js","1.12928b601c22ae0cf225.css","1-568774bd97679746b968.js","component---src-pages-404-js-74ffc926f0fc361b4ff2.js"],"component---src-pages-index-js":["0-2199b4470927f1f8ccc8.js","1.12928b601c22ae0cf225.css","1-568774bd97679746b968.js","component---src-pages-index-js-f6a35cad2e14f65e8d43.js"],"component---src-pages-page-2-js":["0-2199b4470927f1f8ccc8.js","1.12928b601c22ae0cf225.css","1-568774bd97679746b968.js","component---src-pages-page-2-js-61255ea16ef80abe498e.js"],"pages-manifest":["pages-manifest-90cde9c64b3b0c390399.js"]}}